,Area of study,Job classification,Place of employment,State,Supervision mode,Supervision format
Literature for new competency area,0.6666666666666666,0.6666666666666666,0.6666666666666666,0.6666666666666666,0.6666666666666666,0.0
Professional groups,0.6666666666666666,0.6666666666666666,0.6666666666666666,0.6666666666666666,0.6666666666666666,0.0
Outside training area - credentialing requirements,,,,,,
Supervision schedule,0.8210876249779328,0.5122457083554004,0.5122457083554004,0.5122457083554004,0.5122457083554004,0.1544209583112665
